Title,Description,Active
title1,desc1,TRUE
title2,desc2,FALSE
title3,desc3,TRUE
title4,desc4,TRUE
title1,desc1,TRUE
title2,desc2,FALSE
title3,desc3,TRUE
title4,desc4,TRUE
title1,desc1,TRUE
title2,desc2,FALSE
title3,desc3,TRUE
title4,desc4,TRUE
title1,desc1,TRUE
title2,desc2,FALSE
title3,desc3,TRUE
title4,desc4,TRUE
title1,desc1,TRUE
title2,desc2,FALSE
title3,desc3,TRUE
title4,desc4,TRUE
title1,desc1,TRUE
title2,desc2,FALSE
title3,desc3,TRUE
title4,desc4,TRUE
title1,desc1,TRUE
title2,desc2,FALSE
title3,desc3,TRUE
title4,desc4,TRUE
title1,desc1,TRUE
title2,desc2,FALSE
title3,desc3,TRUE
title4,desc4,TRUE
title1,desc1,TRUE
title2,desc2,FALSE
title3,desc3,TRUE
title4,desc4,TRUE
title1,desc1,TRUE
title2,desc2,FALSE
title3,desc3,TRUE
title4,desc4,TRUE
title1,desc1,TRUE
title2,desc2,FALSE
title3,desc3,TRUE
title4,desc4,TRUE
title1,desc1,TRUE
title2,desc2,FALSE
title3,desc3,TRUE
title4,desc4,TRUE
title1,desc1,TRUE
title2,desc2,FALSE
title3,desc3,TRUE
title4,desc4,TRUE
title1,desc1,TRUE
title2,desc2,FALSE
title3,desc3,TRUE
title4,desc4,TRUE
title1,desc1,TRUE
title2,desc2,FALSE
title3,desc3,TRUE